Flag,Type,UK1,Who Equips,Element,UK2,Elemental Resistance,Elemental Null,Status Resist,UK3,AT,Special 1,Special 2,Special Amount,Icon,SPD,AT,MAT,DF,MDF,A-Hit,M-Hit,A-AV,M-AV,Status Chance,UK4,UK5,On Hit Status,Name,Description
0,128,128,128,0,0,0,0,0,0,2,0,0,0,0,0,0,0,0,0,0,0,0,0,0,0,0,0,Broad Sword, 
0,128,128,128,0,0,0,0,0,0,7,0,0,0,0,0,0,0,0,0,0,0,0,0,0,0,0,0,Bastard Sword, 
0,128,128,128,128,0,0,0,0,0,18,0,0,0,0,0,0,0,0,0,0,0,0,0,0,0,0,0,Heat Blade,Fire-based attack.
0,128,128,128,0,0,0,0,0,0,26,0,0,0,0,0,0,0,0,0,0,0,0,0,0,0,0,0,Falchion, 
0,128,128,128,0,0,0,0,0,0,34,0,0,0,0,0,0,0,0,0,0,0,0,0,20,0,0,4,Mind Crush,Confuses Enemy §with given§probability.
0,128,128,128,0,0,0,0,0,0,39,16,0,50,0,0,0,0,0,0,0,0,0,0,0,0,0,0,Fairy Sword,Gives 50% more SP.
0,128,128,128,0,0,0,0,0,0,44,0,0,0,0,0,0,0,0,0,0,0,0,0,0,0,0,0,Claymore, 
0,128,128,128,0,0,0,0,0,0,75,0,64,246,0,0,0,0,0,0,0,0,0,0,0,0,0,0,Soul Eater,Powerful but§HP decays  §each turn.
0,128,128,32,0,0,0,0,0,0,45,0,0,0,0,0,0,0,0,0,0,0,0,0,0,0,0,0,Axe, 
0,128,128,32,0,0,0,0,0,0,59,0,0,0,0,0,0,0,0,0,0,0,0,0,0,0,0,0,Tomahawk, 
0,128,128,32,0,0,0,0,0,0,67,0,0,0,0,0,0,0,0,0,0,0,0,0,0,0,0,0,Battle Axe, 
0,128,128,32,0,0,0,0,0,0,79,0,0,0,0,0,0,0,0,0,0,0,0,0,20,0,0,16,Great Axe,"Stuns enemy, with§a given §probability."
64,128,128,32,0,0,0,0,0,0,88,0,0,0,0,0,0,0,0,0,0,0,0,0,10,0,0,0,Indora's Axe,Instantly kills §enemy with given§probability.
0,128,128,4,0,0,0,0,0,0,13,0,0,0,0,0,0,0,0,0,0,0,0,0,0,0,0,0,Rapier, 
0,128,128,4,4,0,0,0,0,0,24,0,0,0,0,0,0,0,0,0,0,0,0,0,0,0,0,0,Shadow Cutter,Darkness-based §attack.
0,128,128,4,0,0,0,0,0,0,30,0,0,0,0,0,0,0,0,0,0,0,0,0,0,0,0,0,Dancing Dagger, 
0,128,128,4,0,0,0,0,0,0,35,0,0,0,0,0,0,0,0,0,0,0,0,0,10,0,0,16,Flamberge,"Stuns enemy, with a§given probability."
64,128,128,4,0,0,0,0,0,0,40,0,0,0,0,0,0,0,0,0,0,0,0,0,10,0,0,0,Gladius,Instantly kills §enemy with given§probability.
4,128,128,4,0,0,0,0,0,0,100,0,0,0,0,0,0,0,0,0,0,0,0,0,0,0,0,0,Dragon Buster, 
0,128,128,4,0,0,0,0,0,0,18,0,0,0,0,0,0,0,0,0,0,0,0,0,20,0,0,8,Demon Stilleto,Frightens enemy §with a given§probability.
0,128,128,64,0,0,0,0,0,0,4,0,0,0,0,0,0,0,0,0,0,0,0,0,0,0,0,0,Spear, 
0,128,128,64,0,0,0,0,0,0,19,0,0,0,0,0,0,0,0,0,0,0,0,0,0,0,0,0,Lance, 
0,128,128,64,0,0,0,0,0,0,37,0,0,0,0,0,0,0,0,0,0,0,0,0,0,0,0,0,Glaive, 
0,128,128,64,0,0,0,0,0,0,45,0,0,0,0,0,0,0,0,0,0,0,0,0,20,0,0,8,Spear of Terror,Frightens enemy§with a given §probability.
0,128,128,64,0,0,0,0,0,0,56,0,0,0,0,0,0,0,0,0,0,0,0,0,0,0,0,0,Partisan, 
0,128,128,64,0,0,0,0,0,0,65,0,0,0,0,0,0,0,0,0,0,0,0,0,0,0,0,0,Halberd, 
0,128,128,64,64,0,0,0,0,0,28,0,0,0,0,0,0,0,0,0,0,0,0,0,0,0,0,0,Twister Glaive,Wind-based attack.
0,128,128,2,0,0,0,0,0,0,3,0,0,0,0,0,0,0,0,0,20,0,0,0,0,0,0,0,Short Bow, 
0,128,128,2,32,0,0,0,0,0,9,0,0,0,0,0,0,0,0,0,20,0,0,0,0,0,0,0,Sparkle Arrow,Light-based attack.
0,128,128,2,0,0,0,0,0,0,18,0,0,0,0,0,0,0,0,0,30,0,0,0,0,0,0,0,Long Bow, 
0,128,128,2,0,0,0,0,0,0,24,0,0,0,0,0,0,0,0,0,20,0,0,0,20,0,0,4,Bemusing Arrow,Confuses enemy §with a given §probability.
0,128,128,2,0,0,0,0,0,0,30,0,0,0,0,0,0,0,0,0,20,0,0,0,20,0,0,128,Virulent Arrow,Poisons enemy§with a given §probability.
8,128,128,2,0,0,0,0,0,0,50,0,0,0,0,0,0,0,0,0,20,0,0,0,0,0,0,0,Detonate Arrow,Can attack all.
0,128,128,2,0,0,0,0,0,0,40,16,0,50,0,0,0,0,0,0,20,0,0,0,0,0,0,0,Arrow of Force,Gives 50% more SP.
0,128,128,1,0,0,0,0,0,0,15,0,0,0,0,0,0,0,0,0,0,0,0,0,0,0,0,0,Mace, 
0,128,128,1,0,0,0,0,0,0,20,0,0,0,0,0,0,0,0,0,0,0,0,0,0,0,0,0,Morning Star, 
0,128,128,1,0,0,0,0,0,0,25,0,0,0,0,0,0,0,0,0,0,0,0,0,0,0,0,0,War Hammer, 
0,128,128,1,0,0,0,0,0,0,30,0,0,0,0,0,0,0,0,0,0,0,0,0,20,0,0,16,Heavy Mace,"Stuns enemy, with §a given §probability."
0,128,128,1,0,0,0,0,0,0,40,0,0,0,0,0,0,0,0,0,0,0,0,0,0,0,0,0,Basher, 
0,128,128,1,0,0,0,0,0,0,15,16,0,100,0,0,0,0,0,0,0,0,0,0,0,0,0,0,Pretty Hammer,Gives twice as §much SP but not §powerful.
0,128,128,16,0,0,0,0,0,0,20,0,0,0,0,0,0,0,0,0,0,0,0,0,0,0,0,0,Iron Knuckle, 
0,128,128,16,0,0,0,0,0,0,31,0,0,0,0,0,0,0,0,0,0,0,0,0,20,0,0,16,Beast Fang,"Stuns enemy, with§a given §probability."
0,128,128,16,0,0,0,0,0,0,37,0,0,0,0,0,0,0,0,0,0,0,0,0,0,0,0,0,Diamond Claw, 
0,128,128,16,16,0,0,0,0,0,49,0,0,0,0,0,0,0,0,0,0,0,0,0,0,0,0,0,Thunder Fist,Thunder-based §attack.
0,128,128,16,0,0,0,0,0,0,55,0,0,0,0,0,0,0,0,0,0,0,0,0,0,0,0,0,Destroyer Mace,Becomes powerful §inversely to HP.
64,128,128,16,0,0,0,0,0,0,43,0,0,0,0,0,0,0,0,0,0,0,0,0,10,0,0,0,Brass Knuckle,Instantly kills §enemy with given§probability.
0,32,64,192,0,0,0,0,0,0,0,0,0,0,10,0,0,0,2,2,0,0,0,0,0,0,0,0,Leather Armor, 
0,32,64,192,0,0,0,0,0,0,0,0,0,0,10,0,0,0,8,8,0,0,0,0,0,0,0,0,Scale Armor, 
0,32,64,192,0,0,0,0,0,0,0,0,0,0,10,0,0,0,20,24,0,0,0,0,0,0,0,0,Chain Mail, 
0,32,64,192,0,0,0,0,0,0,0,0,0,0,10,0,0,0,27,20,0,0,0,0,0,0,0,0,Plate Mail, 
0,32,64,192,0,0,0,0,0,0,0,8,0,20,10,0,0,0,34,34,0,0,0,0,0,0,0,0,Saint Armor,When physically §attacked SP is §accumulated.
0,32,64,128,0,0,0,128,0,0,0,0,0,0,10,0,0,0,41,40,0,0,0,0,0,0,0,0,Red DG Armor,Nullifies damage§due to fire-based§attacks.
0,32,64,64,0,0,0,64,0,0,0,0,0,0,10,0,0,0,54,27,0,0,0,0,0,0,0,0,Jade DG Armor,Nullifies damage§due to wind-based§attacks.
0,32,64,32,0,0,0,0,0,0,0,0,0,0,10,0,0,0,46,20,0,0,0,0,0,0,0,0,Lion Fur, 
0,32,64,32,0,0,0,0,0,0,0,0,0,0,10,0,0,0,59,14,0,0,0,0,0,0,0,0,Breast Plate, 
0,32,64,32,0,0,0,0,0,0,0,8,0,20,10,0,0,0,75,26,0,0,0,0,0,0,0,0,Giganto Armor,When physically §attacked SP is §accumulated.
0,32,64,32,0,0,0,2,0,0,0,0,0,0,10,0,0,0,88,23,0,0,0,0,0,0,0,0,Gold DG Armor,Nullifies damage§due to earth-§based attacks.
0,32,64,16,0,0,0,0,0,0,0,0,0,0,10,0,0,0,13,8,0,0,10,0,0,0,0,0,Disciple Vest, 
0,32,64,16,0,0,0,0,0,0,0,0,0,0,10,0,0,0,25,23,0,0,20,0,0,0,0,0,Warrior Dress, 
0,32,64,16,0,0,0,0,0,0,0,8,0,20,10,0,0,0,30,29,0,0,10,0,0,0,0,0,Master's Vest,When physically §attacked SP is §accumulated.
0,32,64,16,0,0,0,0,0,0,0,16,0,50,10,0,0,0,37,26,0,0,10,0,0,0,0,0,Energy Girdle,Gives 50% more SP
0,32,64,16,0,0,0,16,0,0,0,0,0,0,10,0,0,0,45,40,0,0,10,10,0,0,0,0,Violet DG Armor,Nullifies damage§due to thunder-§based attacks.
0,32,64,7,0,0,0,0,0,0,0,0,0,0,10,0,0,0,4,5,0,0,5,5,0,0,0,0,Clothes, 
0,32,64,7,0,0,0,0,0,0,0,0,0,0,10,0,0,0,7,12,0,0,5,5,0,0,0,0,Leather Jacket, 
0,32,64,7,0,0,0,0,0,0,0,0,0,0,10,0,0,0,13,27,0,0,10,5,0,0,0,0,Silver Vest, 
0,32,64,7,0,0,0,0,0,0,0,8,0,20,10,0,0,0,19,45,0,0,5,5,0,0,0,0,Sparkle Dress,"When attacked §physically, SP is §accumulated."
0,32,64,7,0,0,0,0,0,0,0,2,0,20,10,0,0,0,25,35,0,0,5,5,0,0,0,0,Robe,"When attacked §magically, SP is §accumulated."
0,32,64,2,0,0,0,32,0,0,0,0,0,0,10,0,0,0,27,80,0,0,5,5,0,0,0,0,Silver DG Armor,Nullifies damage§due to light-§based attacks.
0,32,64,4,0,0,0,4,0,0,0,0,0,0,10,0,0,0,41,42,0,0,5,5,0,0,0,0,Dark DG Armor,Nullifies damage§due to darkness-§based attacks.
0,32,64,1,0,0,0,1,0,0,0,0,0,0,10,0,0,0,30,54,0,0,5,5,0,0,0,0,Blue DG Armor,Nullifies damage§due to water-§based attack.
0,32,64,224,0,0,0,0,176,0,0,0,0,0,10,0,0,0,35,35,0,0,0,0,0,0,0,0,Armor of Yore,Avoids §poison/stun/arm§blocking.
0,32,64,16,0,0,0,0,176,0,0,0,0,0,10,0,0,0,40,31,0,0,10,0,0,0,0,0,Satori Vest,Avoids §poison/stun/arm§blocking.
0,32,64,7,0,0,0,0,176,0,0,0,0,0,10,0,0,0,32,55,0,0,5,5,0,0,0,0,Rainbow Dress,Avoids §poison/stun/arm§blocking.
0,32,64,3,0,0,0,0,0,0,0,0,8,40,10,0,0,0,10,20,0,0,5,5,40,0,0,0,Angel Robe,Revives from §death with a §given probability.
0,32,64,247,0,0,0,0,0,0,0,32,0,0,10,0,0,0,127,0,0,0,50,0,0,0,0,0,Armor of Legend,Greatly reduces §damage from §physical attacks.
0,0,0,0,0,0,0,0,0,0,0,0,0,0,0,0,0,0,0,0,0,0,0,0,0,0,0,0, , 
0,64,64,240,0,0,0,0,0,0,0,0,0,0,18,0,0,3,0,0,100,100,0,0,0,0,0,0,Bandana, 
0,64,64,240,0,0,0,0,0,0,0,0,0,0,18,0,0,8,0,0,110,100,0,0,0,0,0,0,Sallet,Increases hit §rate of physical§attacks by 10%.
0,64,64,240,0,0,0,0,0,0,0,0,0,0,18,0,0,23,0,5,100,100,0,0,0,0,0,0,Armlet, 
0,64,64,192,0,0,0,0,0,0,0,2,0,20,18,0,0,37,5,0,100,100,0,0,0,0,0,0,Knight Helm,"When magically §attacked, SP is §accumulated."
0,64,64,32,0,0,0,0,0,0,0,2,0,20,18,0,0,14,10,5,100,100,0,0,0,0,0,0,Giganto Helm,"When magically §attacked, SP is §accumulated."
0,64,64,16,0,0,0,0,0,0,0,2,0,20,18,0,0,25,5,5,100,100,0,0,0,0,0,0,Soul Headband,"When magically §attacked, SP is §accumulated."
0,64,64,7,0,0,0,0,0,0,0,0,0,0,18,0,0,5,0,0,100,100,0,0,0,0,0,0,Felt Hat, 
0,64,64,7,0,0,0,0,0,0,0,0,0,0,18,0,0,17,0,0,100,100,0,0,0,0,0,0,Cape, 
0,64,64,7,0,0,0,0,0,0,0,0,0,0,18,0,0,29,5,0,100,110,0,0,0,0,0,0,Tiara,Increases hit§rate of magical§attacks by 10%.
0,64,64,3,0,0,0,0,0,0,0,2,0,20,18,0,0,42,0,5,100,100,0,0,0,0,0,0,Jeweled Crown,"When magically §attacked, SP is §accumulated."
128,64,64,4,0,0,0,0,0,0,0,0,0,0,18,0,0,36,0,0,100,100,0,0,0,0,0,0,Rose's Hair Band,Avoids instant §death.
0,64,64,247,0,0,0,0,0,0,0,0,0,0,18,0,0,0,0,0,100,100,0,0,0,0,0,0, , 
0,64,64,247,0,0,0,0,78,0,0,0,0,0,18,0,0,30,0,10,100,100,0,0,0,0,0,0,Phoenix Plume,"Avoids bewitching,§confusion, fear §and dispiriting."
0,64,64,247,0,0,0,0,0,0,0,0,4,0,18,0,0,50,0,127,100,100,0,50,0,0,0,0,Legend Casque,Reduces damage§due to magical§attacks.
0,64,64,247,0,0,0,0,0,0,0,0,2,50,18,0,0,50,10,0,100,100,0,0,0,0,0,0,Dragon Helm,Raises maximum§HP 50%.
0,64,64,247,0,0,0,0,0,0,0,0,1,50,18,0,0,50,0,10,100,100,0,0,0,0,0,0,Magical Hat,Raises maximum§MP 50%.
0,0,0,0,0,0,0,0,0,0,0,0,0,0,0,0,0,0,0,0,0,0,0,0,0,0,0,0, , 
0,16,64,240,0,0,0,0,0,0,0,0,0,0,21,0,0,0,0,0,0,0,0,0,0,0,0,0,Leather Boots, 
0,16,64,240,0,0,0,0,0,0,0,0,0,0,21,0,0,0,5,0,0,0,0,0,0,0,0,0,Iron Kneepiece, 
0,16,64,240,0,0,0,0,0,0,0,0,0,0,21,0,0,0,5,0,0,0,5,0,0,0,0,0,Combat Shoes,Increases escape§rate from physical§attacks by 5 pts.
0,16,64,7,0,0,0,0,0,0,0,0,0,0,21,0,0,0,0,0,0,0,0,0,0,0,0,0,Leather Shoes, 
0,16,64,7,0,0,0,0,0,0,0,0,0,0,21,0,0,0,5,0,0,0,0,0,0,0,0,0,Soft Boots, 
0,16,64,7,0,0,0,0,0,0,0,0,0,0,21,0,0,0,5,0,0,0,0,5,0,0,0,0,Stardust Boots,Increases escape§rate from magical§attacks by 5 pts.
0,16,64,255,0,0,0,0,0,0,0,0,0,0,21,10,0,0,0,0,0,0,5,5,0,0,0,0,Magical Greaves,Increases escape§rate of magi/physi§attacks by 5 pts.
0,16,64,7,0,0,0,0,0,0,0,0,0,0,21,20,0,0,0,0,0,0,0,0,0,0,0,0,Dancer's Boots,Gives 20 pts. §more agility.
0,16,64,240,0,0,0,0,0,0,0,0,0,0,21,20,0,0,0,0,0,0,0,0,0,0,0,0,Bandit's Shoes,Gives 20 pts.§more agility.
0,0,0,0,0,0,0,0,0,0,0,0,0,0,0,0,0,0,0,0,0,0,0,0,0,0,0,0, , 
0,8,32,247,0,0,0,0,128,0,0,0,0,0,23,0,0,0,0,0,0,0,0,0,0,0,0,0,Poison Guard,Avoids the§abnormal status§poison.
0,8,32,247,0,0,0,0,64,0,0,0,0,0,23,0,0,0,0,0,0,0,0,0,0,0,0,0,Active Ring,Avoids the§abnormal status§dispiriting.
0,8,32,247,0,0,0,0,32,0,0,0,0,0,23,0,0,0,0,0,0,0,0,0,0,0,0,0,Protector,Avoids the§abnormal status§arm blocking.
0,8,32,247,0,0,0,0,4,0,0,0,0,0,23,0,0,0,0,0,0,0,0,0,0,0,0,0,Panic Guard,Avoids the§abnormal status§confusion.
0,8,32,247,0,0,0,0,16,0,0,0,0,0,23,0,0,0,0,0,0,0,0,0,0,0,0,0,Stun Guard,Avoids abnormal §status from§being stunned.
0,8,32,247,0,0,0,0,8,0,0,0,0,0,23,0,0,0,0,0,0,0,0,0,0,0,0,0,Bravery Amulet,Avoids the§abnormal status§fear.
0,8,32,247,0,0,0,0,2,0,0,0,0,0,23,0,0,0,0,0,0,0,0,0,0,0,0,0,Magic Ego Bell,Avoids the §abnormal status§bewitchment.
0,8,32,247,0,0,0,0,1,0,0,0,0,0,23,0,0,0,0,0,0,0,0,0,0,0,0,0,Destone Amulet,Avoids the§abnormal status§petrification.
0,8,32,247,0,0,0,0,0,0,0,0,0,0,23,0,10,0,0,0,0,0,0,0,0,0,0,0,Power Wrist,Raises physical §attack ability§slightly.
0,8,32,247,0,0,0,0,0,0,0,0,0,0,23,0,0,0,10,0,0,0,0,0,0,0,0,0,Knight Shield,Raises physical§defense power§slightly.
0,8,32,247,0,0,0,0,0,0,0,0,0,0,23,0,0,30,0,0,0,0,0,0,0,0,0,0,Magical Ring,Raises magical§attacking power.
0,8,32,247,0,0,0,0,0,0,0,0,0,0,23,0,0,0,0,30,0,0,0,0,0,0,0,0,Spiritual Ring,Raises magical§defense power.
0,8,32,247,0,0,0,0,0,0,0,0,0,0,23,0,20,20,0,0,0,0,0,0,0,0,0,0,Attack Badge,Raises physical§& magical §attacking power.
0,8,32,247,0,0,0,0,0,0,0,0,0,0,23,0,0,0,20,20,0,0,0,0,0,0,0,0,Guard Badge,Raises physical§& magical§defense power.
0,8,32,247,0,0,0,0,0,0,0,0,0,0,23,0,20,0,20,0,0,0,0,0,0,0,0,0,Giganto Ring,Raises physical §attack & defense §power.
0,8,32,247,0,0,0,0,0,0,0,0,0,0,23,0,0,0,0,0,0,0,20,0,0,0,0,0,Elude Cloak,Increases escape§rate from physical§attack by 20 pts.
0,8,32,247,0,0,0,0,0,0,0,0,0,0,23,0,0,0,0,0,0,0,0,20,0,0,0,0,Spirit Cloak,Increases escape§rate from magical§attack by 20 pts.
0,8,32,247,0,0,0,0,0,0,0,0,0,0,23,0,0,0,0,0,0,0,20,20,0,0,0,0,Sage's Cloak,Increases A-AV§and M-AV by§by 20 pts.
0,8,32,247,0,0,0,0,0,0,0,0,2,50,23,0,0,0,0,0,0,0,0,0,0,0,0,0,Physical Ring,Raises maximum§HP 50%.
0,8,32,247,0,0,0,0,0,0,0,0,1,100,23,0,0,0,0,0,0,0,0,0,0,0,0,0,Amulet,Doubles §maximum MP.
0,8,32,247,0,0,0,0,0,0,0,16,0,50,23,0,0,0,0,0,0,0,0,0,0,0,0,0,Wargod's Sash,Raises SP 50%.
0,8,32,247,0,0,0,0,0,0,0,0,16,20,23,0,0,0,0,0,0,0,0,0,0,0,0,0,Spirit Ring,Recovers SP §each turn.
0,8,32,247,0,0,0,0,0,0,0,0,64,10,23,0,0,0,0,0,0,0,0,0,0,0,0,0,Therapy Ring,Recovers HP  §each turn.
0,8,32,247,0,0,0,0,0,0,0,0,32,10,23,0,0,0,0,0,0,0,0,0,0,0,0,0,Mage Ring,Recovers MP §each turn.
0,8,32,247,0,0,0,0,0,0,0,0,0,0,23,0,0,0,0,0,20,20,0,0,0,0,0,0,Wargod's Amulet,Increases hit §rate for attacking§all by 20%.
128,8,32,247,0,0,0,0,0,0,0,0,0,0,23,0,0,0,0,0,0,0,0,0,0,0,0,0,Talisman,Avoids instant§death.
0,8,32,247,0,0,0,0,0,0,0,0,0,0,23,0,0,0,0,0,0,0,0,0,0,0,0,0, , 
0,8,32,247,0,0,0,0,0,0,0,0,8,40,23,0,0,0,0,0,0,0,0,0,40,0,0,0,Holy Ankh,Revives from §death with a §given probability.
0,8,32,7,0,0,0,0,0,0,0,0,0,0,23,20,0,0,0,0,0,0,0,0,0,0,0,0,Dancer's Ring,Increases agility§by 20 pts.
0,8,32,247,0,0,0,0,255,0,0,0,0,0,23,0,0,0,0,0,0,0,0,0,0,0,0,0, , 
0,8,32,240,0,0,0,0,0,0,0,0,0,0,23,20,0,0,0,0,0,0,0,0,0,0,0,0,Bandit's Ring,Increases agility§by 20 pts.
0,8,32,247,0,0,128,0,0,0,0,0,0,0,23,0,0,0,0,0,0,0,0,0,0,0,0,0,Red-Eye Stone,Reduces damage§from fire-based §attack by half.
0,8,32,247,0,0,64,0,0,0,0,0,0,0,23,0,0,0,0,0,0,0,0,0,0,0,0,0,Jade Stone,Reduces damage§from wind-based§attack by half.
0,8,32,247,0,0,32,0,0,0,0,0,0,0,23,0,0,0,0,0,0,0,0,0,0,0,0,0,Silver Stone,Reduces damage§from light-based§attack by half.
0,8,32,247,0,0,4,0,0,0,0,0,0,0,23,0,0,0,0,0,0,0,0,0,0,0,0,0,Darkness Stone,Reduces damage§from darkness-based§attacks by half.
0,8,32,247,0,0,1,0,0,0,0,0,0,0,23,0,0,0,0,0,0,0,0,0,0,0,0,0,Blue Sea Stone,Reduces damage§from water-based§attack by half.
0,8,32,247,0,0,16,0,0,0,0,0,0,0,23,0,0,0,0,0,0,0,0,0,0,0,0,0,Violet Stone,Reduces damage§from thunder-based§attack by half.
0,8,32,247,0,0,2,0,0,0,0,0,0,0,23,0,0,0,0,0,0,0,0,0,0,0,0,0,Golden Stone,Reduces damage§from earth-based§attack by half.
0,8,32,247,0,0,0,0,0,0,0,0,0,0,23,0,0,0,0,0,0,0,0,0,0,0,0,0, , 
0,8,32,247,0,0,0,0,0,0,0,2,0,20,23,0,0,0,0,0,0,0,0,0,0,0,0,0,Ruby Ring,When damaged by§magic SP is §accumulated.
0,8,32,247,0,0,0,0,0,0,0,1,0,10,23,0,0,0,0,0,0,0,0,0,0,0,0,0,Sapphire Pin,When damaged by§magic MP is §accumulated.
0,8,32,247,0,0,0,0,255,0,0,0,0,0,23,0,0,0,0,0,0,0,0,0,0,0,0,0,Rainbow Earring,Avoids all§abnormal status.
0,8,32,247,0,0,0,0,0,0,0,0,0,0,23,0,0,0,0,0,0,0,0,0,0,0,0,0, , 
0,8,32,247,0,0,0,0,0,0,0,8,0,20,23,0,0,0,0,0,0,0,0,0,0,0,0,0,Emerald Earring,When physically§damaged SP is§accumulated.
0,8,32,247,0,0,0,0,0,0,0,0,0,0,23,0,0,0,0,0,0,0,0,0,0,0,0,0, , 
0,8,32,247,0,0,0,0,0,0,0,4,0,10,23,0,0,0,0,0,0,0,0,0,0,0,0,0,Platinum Collar,When physically§damaged MP is§accumulated.
0,8,32,247,0,0,0,0,0,0,0,32,4,0,23,0,0,0,0,0,0,0,0,0,0,0,0,0,Phantom Shield,Reduces damage§from all attacks §by half.
0,8,32,247,0,0,0,0,0,0,0,32,0,0,23,0,0,0,0,0,0,0,0,0,0,0,0,0,Dragon Shield,Reduces physical§damage by half.
0,8,32,247,0,0,0,0,0,0,0,0,4,0,23,0,0,0,0,0,0,0,0,0,0,0,0,0,Angel Scarf,Reduces damage§from magic§by half.
0,8,32,247,0,0,0,0,0,0,0,0,0,0,23,0,0,0,0,0,0,0,0,0,0,0,0,0,Bracelet, 
0,8,32,247,0,0,0,0,0,0,0,0,0,0,23,0,5,0,0,0,0,0,0,0,0,0,0,0,Fake Power Wrist,May slightly§increase physical §attack power.
0,8,32,247,0,0,0,0,0,0,0,0,0,0,23,0,0,0,5,0,0,0,0,0,0,0,0,0,Fake Shield,May slightly§increase physical§defense power.
0,8,32,247,0,0,0,0,128,0,0,0,0,0,23,0,0,0,0,0,0,0,0,0,0,0,0,0, , 
0,8,32,245,0,0,0,0,0,0,0,0,0,0,23,0,0,0,0,0,0,0,0,0,0,0,0,0,Wargod Calling,Automatic Addition:§Half Damage and SP.
0,8,32,245,0,0,0,0,0,0,0,0,0,0,23,0,0,0,0,0,0,0,0,0,0,0,0,0,Ultimate Wargod,Makes Addition§completely§successful.
0,0,0,0,0,0,0,0,0,0,0,0,0,0,0,0,0,0,0,0,0,0,0,0,0,0,0,0, , 
0,0,0,0,0,0,0,0,0,0,0,0,0,0,0,0,0,0,0,0,0,0,0,0,0,0,0,0, , 
0,0,0,0,0,0,0,0,0,0,0,0,0,0,0,0,0,0,0,0,0,0,0,0,0,0,0,0, , 
0,0,0,0,0,0,0,0,0,0,0,0,0,0,0,0,0,0,0,0,0,0,0,0,0,0,0,0, , 
0,0,0,0,0,0,0,0,0,0,0,0,0,0,0,0,0,0,0,0,0,0,0,0,0,0,0,0, , 
0,0,0,0,0,0,0,0,0,0,0,0,0,0,0,0,0,0,0,0,0,0,0,0,0,0,0,0, , 
0,0,0,0,0,0,0,0,0,0,0,0,0,0,0,0,0,0,0,0,0,0,0,0,0,0,0,0, , 
0,0,0,0,0,0,0,0,0,0,0,0,0,0,0,0,0,0,0,0,0,0,0,0,0,0,0,0, , 
0,0,0,0,0,0,0,0,0,0,0,0,0,0,0,0,0,0,0,0,0,0,0,0,0,0,0,0, , 
0,0,0,0,0,0,0,0,0,0,0,0,0,0,0,0,0,0,0,0,0,0,0,0,0,0,0,0, , 
0,0,0,0,0,0,0,0,0,0,0,0,0,0,0,0,0,0,0,0,0,0,0,0,0,0,0,0, , 
0,0,0,0,0,0,0,0,0,0,0,0,0,0,0,0,0,0,0,0,0,0,0,0,0,0,0,0, , 
0,0,0,0,0,0,0,0,0,0,0,0,0,0,0,0,0,0,0,0,0,0,0,0,0,0,0,0, , 
0,0,0,0,0,0,0,0,0,0,0,0,0,0,0,0,0,0,0,0,0,0,0,0,0,0,0,0, , 
0,0,0,0,0,0,0,0,0,0,0,0,0,0,0,0,0,0,0,0,0,0,0,0,0,0,0,0, , 
0,0,0,0,0,0,0,0,0,0,0,0,0,0,0,0,0,0,0,0,0,0,0,0,0,0,0,0, , 
0,0,0,0,0,0,0,0,0,0,0,0,0,0,0,0,0,0,0,0,0,0,0,0,0,0,0,0, , 
0,0,0,0,0,0,0,0,0,0,0,0,0,0,0,0,0,0,0,0,0,0,0,0,0,0,0,0, , 
0,0,0,0,0,0,0,0,0,0,0,0,0,0,0,0,0,0,0,0,0,0,0,0,0,0,0,0, , 
0,0,0,0,0,0,0,0,0,0,0,0,0,0,0,0,0,0,0,0,0,0,0,0,0,0,0,0, , 
0,0,0,0,0,0,0,0,0,0,0,0,0,0,0,0,0,0,0,0,0,0,0,0,0,0,0,0, , 
0,0,0,0,0,0,0,0,0,0,0,0,0,0,0,0,0,0,0,0,0,0,0,0,0,0,0,0, , 
0,0,0,0,0,0,0,0,0,0,0,0,0,0,0,0,0,0,0,0,0,0,0,0,0,0,0,0, , 
0,0,0,0,0,0,0,0,0,0,0,0,0,0,0,0,0,0,0,0,0,0,0,0,0,0,0,0, , 
0,0,0,0,0,0,0,0,0,0,0,0,0,0,0,0,0,0,0,0,0,0,0,0,0,0,0,0, , 
0,0,0,0,0,0,0,0,0,0,0,0,0,0,0,0,0,0,0,0,0,0,0,0,0,0,0,0, , 
0,0,0,0,0,0,0,0,0,0,0,0,0,0,0,0,0,0,0,0,0,0,0,0,0,0,0,0, , 
0,0,0,0,0,0,0,0,0,0,0,0,0,0,0,0,0,0,0,0,0,0,0,0,0,0,0,0, , 
0,0,0,0,0,0,0,0,0,0,0,0,0,0,0,0,0,0,0,0,0,0,0,0,0,0,0,0, , 
0,0,0,0,0,0,0,0,0,0,0,0,0,0,0,0,0,0,0,0,0,0,0,0,0,0,0,0, , 
0,0,0,0,0,0,0,0,0,0,0,0,0,0,0,0,0,0,0,0,0,0,0,0,0,0,0,0, , 
0,0,0,0,0,0,0,0,0,0,0,0,0,0,0,0,0,0,0,0,0,0,0,0,0,0,0,0, , 
0,0,0,0,0,0,0,0,0,0,0,0,0,0,0,0,0,0,0,0,0,0,0,0,0,0,0,0, , 
0,0,0,0,0,0,0,0,0,0,0,0,0,0,0,0,0,0,0,0,0,0,0,0,0,0,0,0, , 
0,0,0,0,0,0,0,0,20,0,0,0,43,0,0,0,104,0,0,0,203,0,0,0,95,1,0,0, , 
